http://100banch.com/contact,False
http://221616.com/idom/contact,False
http://303books.jp/contact,False
http://4ts.jp/contact,False
http://81100.co.jp/contact,False
http://about.smartnews.com/ja/contact,False
http://acetokyo.com/contact,False
http://active-g.co.jp/contact,False
http://acuvue.jnj.co.jp/corp/contact,False
http://adguild.co.jp/contact,False
http://adinnovation.co.jp/contact,False
http://aerospacebiz.jaxa.jp/contact,False
http://afreecatv.co.jp/contact,False
http://agent-network.com/contact,False
http://ainer.co.jp/contact,False
http://airfolg.jp/rp/contact,False
http://akikokitamura.com/contact,True
http://amet.co.jp/contact,False
http://anshin-kaitai.or.jp/contact,False
http://anymindgroup.com/contact,False
http://aquwa.co.jp/contact,False
http://areti.jp/contact,False
http://armabianca.com/contact,False
http://artaquarium.jp/contact,False
http://artemis-hokkaido.jp/contact,False
http://ashibi.jp/contact,False
http://ateyakatall.jp/contact,False
http://auntierosa.com/contact,False
http://axn.co.jp/contact,False
http://balus.co/contact,False
http://basefood.co.jp/contact,False
http://basicinc.jp/contact,False
http://beautycalendar.jp/contact,False
http://belluna.jp/contact,False
http://beyondnextventures.com/jp/contact,False
http://b-h-m.com/contact,False
http://bizaia.co.jp/contact,False
http://bokura.biz/contact,False
http://boom-now.biz/contact,False
http://botchan.tokyo/contact,False
http://bride-jp.com/contact,False
http://bushiroad.com/contact,False
http://c8l.jp/contact,False
http://cafetalk.com/contact,False
http://calomeal.com/contact,False
http://canon.jp/contact,False
http://cdc.type.jp/contact,False
http://chocolate-inc.com/contact,False
http://cifaka.jp/contact,False
http://cinnamon.is/contact,False
http://clagla.jp/contact,False
http://clear-inc.net/contact,False
http://cmcre.com/contact,False
http://code.or.jp/contact,False
http://companyprofile339.com/contact,False
http://connehito.com/contact,False
http://corp.condenast.jp/contact,False
http://corp.en-japan.com/contact,False
http://corp.every.tv/contact,False
http://corp.jac-recruitment.jp/contact,False
http://corp.mihoyo.co.jp/contact,False
http://corp.readyfor.jp/contact,False
http://corp.toei-anim.co.jp/contact,False
http://corp.world.co.jp/contact,False
http://corporate.coincheck.com/contact,False
http://corporate.pia.jp/contact,False
http://cospa.jp/contact,False
http://crooz.co.jp/contact,False
http://crossproducers.com/contact,False
http://cuborex.com/contact,False
http://curations.jp/contact,False
http://cyber-z.co.jp/contact,False
http://diamondhead.jp/contact,False
http://dining-innovation.com/ja/contact,False
http://dlight.jp/contact,False
http://dr-lululun.com/contact,False
http://dym.asia/contact,False
http://earthship.co.jp/contact,False
http://ecome.co.jp/contact,False
http://emuclaret.com/contact,False
http://en-bridge.org/contact,False
http://engawa.global/contact,False
http://epoch.jp/contact,False
http://fans.co.jp/contact,False
http://flavor-corp.com/contact,False
http://florence.or.jp/contact,False
http://fooddiscovery.jp/contact,False
http://fukuoka.grand.hyatt.jp/contact,False
http://games.dmm.com/contact,False
http://gap.co.jp/contact,False
http://g-fac.jp/contact,False
http://givery.co.jp/contact,False
http://gladd.jp/contact,False
http://glion.co.jp/contact,False
http://glm.jp/contact,False
http://global.mondelezinternational.com/jp/ja/home/contact,False
http://goodandco.jp/contact,False
http://goosecompany.com/contact,False
http://gosso.co.jp/contact,False
http://gotham.jp/contact,False
http://green-carbon.co.jp/contact,False
http://gunosy.co.jp/contact,False
http://hans-international.jp/contact,False
http://hattendo.jp/aboutus/contact,False
http://hbclub.co.jp/contact,False
http://heartseed.jp/contact,False
http://herp.co.jp/contact,False
http://hicbc.com/tv/contact,False
http://hidakaya.hiday.co.jp/contact,False
http://hj-s.co.jp/contact,False
http://home.disney.co.jp/contact,False
http://housmart.co.jp/contact,False
http://hrt.newotani.co.jp/contact,False
http://id-entity.jp/contact,False
http://info.metroengines.jp/contact,False
http://ingectar-e.com/contact,False
http://ingsinc.co.jp/contact,False
http://iris-entertainment.jp/contact,False
http://ishin1853.co.jp/contact,False
http://isolife-jp.com/contact,False
http://ja.wfp.org/contact,False
http://ja.wix.com/contact,False
http://jalpak.jp/contact,False
http://japan.coach.com/contact,False
http://japan-crm.org/contact,False
http://japanresort.wixsite.com/contact,False
http://jellyware.jp/contact,False
http://jp.anteprima.com/contact,False
http://jp.aver.com/contact,False
http://jp.cyberlink.com/contact,False
http://jp.medialinks.com/medialinks/contact,False
http://jp.tablefor2.org/contact,False
http://j-society.com/contact,False
http://kagi-net.com/contact,False
http://kakushin.biz/contact,False
http://kameda3150.com/contact,False
http://kamei-pro.co.jp/contact,False
http://kanatta.co.jp/contact,False
http://kear.work/contact,False
http://kirintyou.co.jp/contact,False
http://kirinz.tokyo/contact,False
http://koike-ya.com/contact,False
http://kotae.tokyo/contact,False
http://kouro-an.jp/contact,False
http://ktcom.jp/company/contact,False
