"http://afreecatv.co.jp/contact","get failed"
"http://active-g.co.jp/contact","contact not found"
"http://4ts.jp/contact","filling failed"
"http://amet.co.jp/contact","filling failed"
"http://ainer.co.jp/contact","filling failed"
"http://airfolg.jp/contact","filling failed"
"http://81100.co.jp/contact","filling failed"
"http://100banch.com/contact","filling failed"
"http://artaquarium.jp/contact","filling failed"
"http://about.smartnews.com/contact","filling failed"
"http://303books.jp/contact","filling failed"
"http://areti.jp/contact","filling failed"
"http://agent-network.com/contact","filling failed"
"http://aerospacebiz.jaxa.jp/contact","filling failed"
"http://adguild.co.jp/contact","contact not found"
"http://221616.com/contact","filling failed"
"http://acetokyo.com/contact","filling failed"
"http://acuvue.jnj.co.jp/contact","filling failed"
"http://akikokitamura.com/contact","success"
"http://aquwa.co.jp/contact","filling failed"
"http://anshin-kaitai.or.jp/contact","filling failed"
"http://axn.co.jp/contact","contact not found"
"http://armabianca.com/contact","submit failed"
"http://basefood.co.jp/contact","filling failed"
"http://adinnovation.co.jp/contact","success"
"http://basicinc.jp/contact","filling failed"
"http://botchan.tokyo/contact","filling failed"
"http://beyondnextventures.com/contact","filling failed"
"http://auntierosa.com/contact","filling failed"
"http://b-h-m.com/contact","filling failed"
"http://c8l.jp/contact","filling failed"
"http://anymindgroup.com/contact","success"
"http://balus.co/contact","success"
"http://calomeal.com/contact","filling failed"
"http://cafetalk.com/contact","filling failed"
"http://ateyakatall.jp/contact","filling failed"
"http://boom-now.biz/contact","filling failed"
"http://companyprofile339.com/contact","get failed"
"http://canon.jp/contact","filling failed"
"http://chocolate-inc.com/contact","filling failed"
"http://cifaka.jp/contact","filling failed"
"http://clagla.jp/contact","filling failed"
"http://cinnamon.is/contact","filling failed"
"http://cmcre.com/contact","contact not found"
"http://connehito.com/contact","submit failed"
"http://corp.en-japan.com/contact","filling failed"
"http://corp.mihoyo.co.jp/contact","filling failed"
"http://corp.condenast.jp/contact","filling failed"
"http://corp.readyfor.jp/contact","filling failed"
"http://corp.jac-recruitment.jp/contact","filling failed"
"http://corp.every.tv/contact","filling failed"
"http://corp.toei-anim.co.jp/contact","filling failed"
"http://corporate.pia.jp/contact","filling failed"
"http://corporate.coincheck.com/contact","filling failed"
"http://crossproducers.com/contact","filling failed"
"http://cospa.jp/contact","filling failed"
"http://corp.world.co.jp/contact","filling failed"
"http://clear-inc.net/contact","submit failed"
"http://cyber-z.co.jp/contact","submit failed"
"http://cdc.type.jp/contact","filling failed"
"http://code.or.jp/contact","submit failed"
"http://beautycalendar.jp/contact","filling failed"
"http://curations.jp/contact","submit failed"
"http://earthship.co.jp/contact","contact not found"
"http://dining-innovation.com/contact","filling failed"
"http://ecome.co.jp/contact","contact not found"
"http://epoch.jp/contact","contact not found"
"http://emuclaret.com/contact","filling failed"
"http://dr-lululun.com/contact","filling failed"
"http://flavor-corp.com/contact","contact not found"
"http://fooddiscovery.jp/contact","filling failed"
"http://florence.or.jp/contact","filling failed"
"http://games.dmm.com/contact","filling failed"
"http://dlight.jp/contact","filling failed"
"http://gap.co.jp/contact","contact not found"
"http://g-fac.jp/contact","filling failed"
"http://fans.co.jp/contact","submit failed"
"http://givery.co.jp/contact","filling failed"
"http://global.mondelezinternational.com/contact","filling failed"
"http://goosecompany.com/contact","filling failed"
"http://goodandco.jp/contact","filling failed"
"http://gunosy.co.jp/contact","filling failed"
"http://hattendo.jp/contact","filling failed"
"http://heartseed.jp/contact","filling failed"
"http://herp.co.jp/contact","filling failed"
"http://hicbc.com/contact","filling failed"
"http://gotham.jp/contact","submit failed"
"http://home.disney.co.jp/contact","get failed"
"http://hidakaya.hiday.co.jp/contact","filling failed"
"http://hbclub.co.jp/contact","submit failed"
"http://housmart.co.jp/contact","filling failed"
"http://hrt.newotani.co.jp/contact","filling failed"
"http://fukuoka.grand.hyatt.jp/contact","filling failed"
"http://hans-international.jp/contact","submit failed"
"http://hj-s.co.jp/contact","submit failed"
"http://iris-entertainment.jp/contact","submit failed"
"http://info.metroengines.jp/contact","submit failed"
"http://ishin1853.co.jp/contact","filling failed"
"http://ingsinc.co.jp/contact","filling failed"
"http://isolife-jp.com/contact","get failed"
"http://japan.coach.com/contact","contact not found"
"http://ja.wix.com/contact","filling failed"
"http://ja.wfp.org/contact","filling failed"
"http://japan-crm.org/contact","filling failed"
"http://japanresort.wixsite.com/contact","filling failed"
"http://jellyware.jp/contact","filling failed"
"http://ingectar-e.com/contact","submit failed"
"http://jp.anteprima.com/contact","filling failed"
"http://belluna.jp/contact","get failed"
"http://jp.aver.com/contact","contact not found"
"http://jp.tablefor2.org/contact","filling failed"
"http://jp.cyberlink.com/contact","filling failed"
"http://bride-jp.com/contact","filling failed"
"http://bushiroad.com/contact","get failed"
"http://ashibi.jp/contact","filling failed"
"http://kamei-pro.co.jp/contact","filling failed"
"http://kameda3150.com/contact","filling failed"
"http://kear.work/contact","filling failed"
"http://bokura.biz/contact","filling failed"
"http://kagi-net.com/contact","submit failed"
"http://j-society.com/contact","submit failed"
"http://kirintyou.co.jp/contact","filling failed"
"http://bizaia.co.jp/contact","submit failed"
"http://kakushin.biz/contact","filling failed"
"http://koike-ya.com/contact","filling failed"
"http://kyodotokyo.com/contact","contact not found"
"http://ktcom.jp/contact","filling failed"
"http://jp.medialinks.com/contact","contact not found"
"http://kushi-tanaka.co.jp/contact","filling failed"
"http://liil.jp/contact","filling failed"
"http://crooz.co.jp/contact","submit failed"
"http://kouro-an.jp/contact","submit failed"
"http://kuramaster.com/contact","contact not found"
"http://linkbal.co.jp/contact","filling failed"
"http://dym.asia/contact","filling failed"
"http://livesearch.co.jp/contact","filling failed"
"http://lmarketing.co.jp/contact","contact not found"
"http://cuborex.com/contact","submit failed"
"http://loohcs.co/contact","filling failed"
"http://lootadog.com/contact","filling failed"
"http://engawa.global/contact","filling failed"
"http://lovefm.co.jp/contact","contact not found"
"http://en-bridge.org/contact","filling failed"
"http://artemis-hokkaido.jp/contact","filling failed"
"http://glion.co.jp/contact","filling failed"
"http://medicalnote.co.jp/contact","filling failed"
"http://mandrillcurry.jp/contact","filling failed"
"http://gladd.jp/contact","filling failed"
"http://milize.co.jp/contact","submit failed"
"http://medialabo.jp/contact","filling failed"
"http://machimori.jp/contact","filling failed"
"http://glm.jp/contact","filling failed"
"http://mingoo.co.jp/contact","filling failed"
"http://mini-mal.tokyo/contact","filling failed"
"http://gosso.co.jp/contact","filling failed"
"http://mosaicwork.co.jp/contact","contact not found"
"http://msid.co.jp/contact","filling failed"
"http://miss-international.org/contact","contact not found"
"http://green-carbon.co.jp/contact","filling failed"
"http://newtecjapan.com/contact","filling failed"
"http://mnhhappy.com/contact","success"
"http://nohara-inc.co.jp/contact","filling failed"
"http://npb.jp/contact","filling failed"
"http://monitas.co.jp/contact","submit failed"
"http://ostance.com/contact","submit failed"
"http://panasonic.jp/contact","filling failed"
"http://metro-net.co.jp/contact","submit failed"
"http://oizumishoten.co.jp/contact","submit failed"
"http://parlour.shiseido.co.jp/contact","filling failed"
"http://nexter.tokyo/contact","submit failed"
"http://pe-bank.co.jp/contact","filling failed"
"http://mugenup.com/contact","submit failed"
"http://pet-tyl.co.jp/contact","submit failed"
"http://paradeall.com/contact","submit failed"
"http://jalpak.jp/contact","get failed"
"http://pieces.tokyo/contact","filling failed"
"http://prime-holdings.jp/contact","get failed"
"http://plateitup.tokyo/contact","filling failed"
"http://plusseikotsuin.com/contact","filling failed"
"http://pixta.co.jp/contact","submit failed"
"http://publications.asahi.com/contact","contact not found"
"http://priroll.jp/contact","filling failed"
"http://quatrogats.com/contact","filling failed"
"http://right-on.co.jp/contact","filling failed"
"http://saikaicreative.co.jp/contact","filling failed"
"http://rprojectjapan.com/contact","submit failed"
"http://sanix.jp/contact","filling failed"
"http://robotconsulting.net/contact","submit failed"
"http://sayusha.com/contact","filling failed"
"http://kotae.tokyo/contact","submit failed"
"http://scfc.jp/contact","filling failed"
"http://kirinz.tokyo/contact","success"
"http://science-art-matsudo.net/contact","submit failed"
"http://lacittadella.co.jp/contact","get failed"
"http://sdums.net/contact","filling failed"
"http://secu.jp/contact","filling failed"
"http://leverages.jp/contact","submit failed"
"http://sega.jp/contact","filling failed"
"http://diamondhead.jp/contact","submit failed"
"http://shibuyamusicscramble.tokyo/contact","filling failed"
"http://seraph-agency.jp/contact","filling failed"
"http://sasi-d.com/contact","submit failed"
"http://sencorp.co.jp/contact","submit failed"
"http://macbee-planet.com/contact","filling failed"
"http://shinbee-japan.com/contact","filling failed"
"http://shop.newbalance.jp/contact","filling failed"
"http://shuuumatu-worker.jp/contact","filling failed"
"http://shl-olive.co.jp/contact","filling failed"
"http://mimaen.co.jp/contact","submit failed"
"http://skyland.vc/contact","filling failed"
"http://squash.or.jp/contact","contact not found"
"http://mindfree.jp/contact","filling failed"
"http://mitsukin.info/contact","submit failed"
"http://standage.co.jp/contact","filling failed"
"http://nosakalabo.jp/contact","submit failed"
"http://sozosya.co.jp/contact","submit failed"
"http://starbase.jp/contact","success"
"http://starmusic.co.jp/contact","filling failed"
"http://orylab.com/contact","filling failed"
"http://starray-p.com/contact","filling failed"
"http://sonnedix.jp/contact","filling failed"
"http://startbahn.jp/contact","filling failed"
"http://stmn.co.jp/contact","success"
"http://store100.lawson.co.jp/contact","filling failed"
"http://stayway.co.jp/contact","submit failed"
"http://p.yafjp.org/contact","submit failed"
"http://street-smart.co.jp/contact","filling failed"
"http://id-entity.jp/contact","submit failed"
"http://starts-pub.jp/contact","filling failed"
"http://sugar-train.com/contact","filling failed"
"http://suntory.jp/contact","filling failed"
"http://simpleshow.com/contact","get failed"
"http://su-bee.jp/contact","filling failed"
"http://sumiyume.jp/contact","filling failed"
"http://piece-of-syria.org/contact","submit failed"
"http://synergy-cafe.co.jp/contact","submit failed"
"http://pla-cole.co/contact","filling failed"
"http://surumi.co.jp/contact","submit failed"
"http://takusho.co.jp/contact","filling failed"
"http://tkp.jp/contact","filling failed"
"http://pkshatech.com/contact","submit failed"
"http://todo-o-nada.com/contact","filling failed"
"http://tohotowa.co.jp/contact","filling failed"
"http://toon-portal.co.jp/contact","filling failed"
"http://tozaigames.co.jp/contact","filling failed"
"http://ryohin-keikaku.jp/contact","get failed"
"http://three-peace.tokyo/contact","success"
"http://thinkware.co.jp/contact","submit failed"
"http://travel.willer.co.jp/contact","filling failed"
"http://vintom.jp/contact","get failed"
"http://tokiwakosan.co.jp/contact","success"
"http://trumps.co.jp/contact","filling failed"
"http://twhdc.co.jp/contact","filling failed"
"http://umanity.jp/contact","filling failed"
"http://visitvictoria.com.au/contact","filling failed"
"http://vivid-garden.co.jp/contact","filling failed"
"http://non-grid.com/contact","filling failed"
"http://wakuwaku0909.co.jp/contact","filling failed"
"http://watahan.co.jp/contact","filling failed"
"http://sasaki-tokyo.jp/contact","submit failed"
"http://kanatta.co.jp/contact","submit failed"
"http://waves.tokyo/contact","filling failed"
"http://wonderline.co.jp/contact","filling failed"
"http://workstudio.co.jp/contact","filling failed"
"http://www.0101maruigroup.co.jp/contact","contact not found"
"http://tsunagaru.co.jp/contact","submit failed"
"http://wota.co.jp/contact","filling failed"
"http://www.31ice.co.jp/contact","filling failed"
"http://www.6waves.jp/contact","filling failed"
"http://www.3-shake.com/contact","filling failed"
"http://www.3284rice.com/contact","contact not found"
"http://www.a2network.jp/contact","submit failed"
"http://www.aderans.com/contact","filling failed"
"http://vuild.co.jp/contact","success"
"http://www.ace.jp/contact","filling failed"
"http://www.adastria.co.jp/contact","filling failed"
"http://shimadahouse.co.jp/contact","filling failed"
"http://www.a2-care.co.jp/contact","filling failed"
"http://www.adk.jp/contact","filling failed"
"http://www.aeon.info/contact","filling failed"
"http://www.aidagroup.co.jp/contact","filling failed"
"http://www.ad-manga.com/contact","submit failed"
"http://www.aiseis.jp/contact","contact not found"
"http://www.airnewzealand.jp/contact","filling failed"
"http://www.ajibil.com/contact","filling failed"
"http://www.akatokyo.com/contact","filling failed"
"http://www.akagi.com/contact","filling failed"
"http://www.alco-group.com/contact","filling failed"
"http://www.al-phax.co.jp/contact","filling failed"
"http://www.alcon.co.jp/contact","filling failed"
"http://www.alishan-organics.com/contact","filling failed"
"http://www.amazon.co.jp/contact","filling failed"
"http://www.amina-co.jp/contact","filling failed"
"http://www.amutus.co.jp/contact","filling failed"
"http://www.anti-ageing.co.jp/contact","filling failed"
"http://styleact.co.jp/contact","submit failed"
"http://www.anacpokayama.com/contact","filling failed"
"http://www.aoki-style.com/contact","contact not found"
"http://www.aoshima-bk.co.jp/contact","filling failed"
"http://www.appbank.co.jp/contact","submit failed"
"http://www.aquament.co.jp/contact","filling failed"
"http://tsuzukigakuengroup.com/contact","filling failed"
"http://vaz.co.jp/contact","filling failed"
"http://www.anycarry.co.jp/contact","submit failed"
"http://www.arcmeal.co.jp/contact","filling failed"
"http://www.artvivant.net/contact","filling failed"
"http://www.asahibeer.co.jp/contact","filling failed"
"http://www.arealink.co.jp/contact","success"
"http://www.adidas.com/contact","get failed"
"http://www.asobot.co.jp/contact","filling failed"
"http://www.asukashinsha.co.jp/contact","contact not found"
"http://www.asuzacfoods.co.jp/contact","filling failed"
"http://www.astamuse.co.jp/contact","success"
"http://www.atom-corp.co.jp/contact","filling failed"
"http://www.adrajpn.org/contact","submit failed"
"http://www.a-tex.co.jp/contact","success"
"http://www.aws-s.com/contact","filling failed"
"http://www.axalta.com/contact","filling failed"
"http://www.altavia.co.jp/contact","filling failed"
"http://www.backtech.co.jp/contact","submit failed"
"http://www.angermanagement.co.jp/contact","filling failed"
"http://www.baidu.jp/contact","filling failed"
"http://www.bape.com/contact","filling failed"
"http://www.badnews.co.jp/contact","submit failed"
"http://www.appland.co.jp/contact","filling failed"
"http://www.baycrews.co.jp/contact","filling failed"
"http://tree.vc/contact","submit failed"
"http://www.beat.co.jp/contact","filling failed"
"http://www.beisia.co.jp/contact","contact not found"
"http://www.aqura.co.jp/contact","filling failed"
"http://www.baroque-global.com/contact","submit failed"
"http://www.arts-crafts.co.jp/contact","filling failed"
"http://www.benesse.co.jp/contact","contact not found"
"http://www.b-en-g.co.jp/contact","filling failed"
"http://www.belkin.com/contact","contact not found"
"http://wevnal.co.jp/contact","submit failed"
"http://www.best-teacher-inc.com/contact","filling failed"
"http://www.bel-japon.com/contact","filling failed"
"http://www.bijutsu.press/contact","contact not found"
"http://www.bicerin.co.jp/contact","submit failed"
"http://www.booking.com/contact","contact not found"
"http://www.boulmich.co.jp/contact","filling failed"
"http://www.bornrex.com/contact","submit failed"
"http://www.brangista.com/contact","filling failed"
"http://www.brj.jp/contact","submit failed"
"http://www.bpz.jp/contact","submit failed"
"http://www.buddycare.co.jp/contact","filling failed"
"http://www.bstylegroup.co.jp/contact","filling failed"
"http://www.brooksbrothers.co.jp/contact","filling failed"
"http://www.bunshun.co.jp/contact","contact not found"
"http://www.bunkasha.co.jp/contact","contact not found"
"http://www.caetus.co.jp/contact","contact not found"
"http://www.calbee.co.jp/contact","contact not found"
"http://www.canmake.com/contact","contact not found"
"http://www.cainz.co.jp/contact","filling failed"
"http://www.canon-its.co.jp/contact","filling failed"
"http://www.cccmh.co.jp/contact","filling failed"
"http://www.bake-jp.com/contact","filling failed"
"http://www.cfd.co.jp/contact","contact not found"
"http://www.cds-ito.co.jp/contact","submit failed"
"http://www.chintai.co.jp/contact","filling failed"
"http://www.beams.co.jp/contact","get failed"
"http://www.chopard.jp/contact","filling failed"
"http://www.chugakujuken.com/contact","filling failed"
"http://www.city.ikoma.lg.jp/contact","filling failed"
"http://www.city.nara.lg.jp/contact","contact not found"
"http://www.city.niigata.lg.jp/contact","filling failed"
"http://www.cinc-j.co.jp/contact","submit failed"
"http://www.civiltrust.com/contact","filling failed"
"http://www.city.yokohama.lg.jp/contact","contact not found"
"http://www.clarins.com/contact","contact not found"
"http://www.clearstone.co.jp/contact","contact not found"
"http://www.boolean.co.jp/contact","filling failed"
"http://www.cnci.co.jp/contact","filling failed"
"http://www.cocacola.co.jp/contact","filling failed"
"http://www.coedobrewery.com/contact","filling failed"
"http://www.codasip.com/contact","contact not found"
"http://www.continental-automotive.jp/contact","get failed"
"http://www.covermark.co.jp/contact","filling failed"
"http://www.creationline.com/contact","contact not found"
"http://www.cubeinc.co.jp/contact","filling failed"
"http://www.confex.co.jp/contact","contact not found"
"http://www.cs-nippon.com/contact","filling failed"
"http://www.currysoken.jp/contact","submit failed"
"http://www.cureapp.co.jp/contact","filling failed"
"http://www.d21.co.jp/contact","filling failed"
"http://www.d4e.co.jp/contact","contact not found"
"http://www.cave.co.jp/contact","submit failed"
"http://www.daimaru-matsuzakaya.com/contact","filling failed"
"http://www.daiwaj.com/contact","filling failed"
"http://www.castem.co.jp/contact","submit failed"
"http://www.dariyacosme.com/contact","filling failed"
"http://www.daiwashobo.co.jp/contact","filling failed"
"http://www.dcaj.or.jp/contact","filling failed"
"http://www.dcm-hldgs.co.jp/contact","contact not found"
"http://www.daytonajp.com/contact","success"
"http://www.delta-japan.jp/contact","contact not found"
"http://www.deckers.com/contact","filling failed"
"http://www.descente.co.jp/contact","filling failed"
"http://www.digital-knowledge.co.jp/contact","filling failed"
"http://www.city.kumamoto.jp/contact","get failed"
"http://www.dior.com/contact","filling failed"
"http://www.dip-net.co.jp/contact","filling failed"
"http://www.dip-p.net/contact","filling failed"
"http://www.dkkaraoke.co.jp/contact","filling failed"
"http://www.dji.com/contact","filling failed"
"http://www.domecorp.com/contact","filling failed"
"http://www.dominos.jp/contact","filling failed"
"http://www.domremy.com/contact","filling failed"
"http://www.donuts.ne.jp/contact","filling failed"
"http://www.dot-jp.or.jp/contact","filling failed"
"http://www.doutor.co.jp/contact","filling failed"
"http://www.drinkplanet.jp/contact","contact not found"
"http://www.drone-business.jp/contact","filling failed"
"http://www.dynam.jp/contact","filling failed"
"http://www.eat-and.jp/contact","contact not found"
"http://www.cygames.co.jp/contact","get failed"
"http://www.edia.co.jp/contact","filling failed"
"http://www.edion.co.jp/contact","filling failed"
"http://www.elle-rose.co.jp/contact","filling failed"
"http://www.eggsnthingsjapan.com/contact","filling failed"
"http://www.emme.jp/contact","filling failed"
"http://www.endless-inc.jp/contact","filling failed"
"http://www.enish.com/contact","filling failed"
"http://www.ent.lawson.co.jp/contact","filling failed"
"http://www.dn-con.co.jp/contact","filling failed"
"http://www.eole.co.jp/contact","submit failed"
"http://www.eqp.co.jp/contact","filling failed"
"http://www.estorage.co.jp/contact","filling failed"
"http://www.dreamf.co.jp/contact","filling failed"
"http://www.ettusais.co.jp/contact","filling failed"
"http://www.etro.com/contact","filling failed"
"http://www.eyevan.com/contact","success"
"http://www.eltex.co.jp/contact","get failed"
"http://www.fancl.jp/contact","filling failed"
"http://www.fcci.or.jp/contact","contact not found"
"http://www.flexnet.co.jp/contact","contact not found"
"http://www.fdcp.co.jp/contact","contact not found"
"http://www.flir.jp/contact","filling failed"
"http://www.forcia.com/contact","filling failed"
"http://www.foresight.jp/contact","contact not found"
"http://www.for-it.co.jp/contact","filling failed"
"http://www.fracora.com/contact","contact not found"
"http://www.frescoball.org/contact","filling failed"
"http://www.fronteo.com/contact","filling failed"
"http://www.frontier-i.co.jp/contact","filling failed"
"http://www.entry-inc.jp/contact","submit failed"
"http://www.fujiko-group.com/contact","filling failed"
"http://www.fujikyu.co.jp/contact","filling failed"
"http://www.fujitec.co.jp/contact","filling failed"
"http://www.fujitv.co.jp/contact","filling failed"
"http://www.fujitv.co.jp/contact","filling failed"
"http://www.fukuho.co.jp/contact","contact not found"
"http://www.fukuske.co.jp/contact","filling failed"
"http://www.exawizards.com/contact","filling failed"
"http://www.funabashiya.co.jp/contact","filling failed"
"http://www.furla.com/contact","filling failed"
"http://www.fun-up.jp/contact","filling failed"
"http://www.fusosha.co.jp/contact","contact not found"
"http://www.futabasha.co.jp/contact","filling failed"
"http://www.gakken.co.jp/contact","filling failed"
"http://www.gaora.co.jp/contact","contact not found"
"http://www.gameon.co.jp/contact","filling failed"
"http://www.geechs.com/contact","filling failed"
"http://www.gendagigo.jp/contact","contact not found"
"http://www.gentosha.co.jp/contact","filling failed"
"http://www.fujiei.co.jp/contact","filling failed"
"http://www.geocreates.net/contact","submit failed"
"http://www.ghm.co.jp/contact","filling failed"
"http://www.giftshow.co.jp/contact","filling failed"
"http://www.ghf.co.jp/contact","filling failed"
"http://www.ginzatanaka.co.jp/contact","filling failed"
"http://www.globalwine.co.jp/contact","filling failed"
"http://www.global-agents.co.jp/contact","submit failed"
"http://www.gmo.jp/contact","filling failed"
"http://www.globridge.co.jp/contact","submit failed"
"http://www.gogo-adventure.com/contact","submit failed"
"http://www.genco.co.jp/contact","submit failed"
"http://www.gottsuprice.jp/contact","filling failed"
"http://www.grapestone.co.jp/contact","filling failed"
"http://www.gruppotanaka.jp/contact","submit failed"
"http://www.guerlain.com/contact","filling failed"
"http://www.gnavi.co.jp/contact","filling failed"
"http://www.hair-genius.jp/contact","filling failed"
"http://www.hakuhodo.co.jp/contact","filling failed"
"http://www.hakuhodody-media.co.jp/contact","filling failed"
"http://www.gooday.co.jp/contact","get failed"
"http://www.hakutsuru.co.jp/contact","filling failed"
"http://www.hanahiro.co.jp/contact","filling failed"
"http://www.hanamaru870.co.jp/contact","filling failed"
"http://www.happo-en.com/contact","filling failed"
"http://www.haradatakeo.com/contact","filling failed"
"http://www.hariocorp.co.jp/contact","filling failed"
"http://www.gyro-technology.com/contact","submit failed"
"http://www.haruyama.co.jp/contact","contact not found"
"http://www.hays.co.jp/contact","contact not found"
"http://www.harmonics.co.jp/contact","submit failed"
"http://www.hearst.co.jp/contact","filling failed"
"http://www.heiwa-net.co.jp/contact","contact not found"
"http://www.hamiltonwatch.jp/contact","filling failed"
"http://www.hibikirun.com/contact","success"
"http://www.heralbony.jp/contact","filling failed"
"http://www.hiltonodawara.jp/contact","filling failed"
"http://www.hinatadesigns.jp/contact","filling failed"
"http://www.hitachi.co.jp/contact","filling failed"
"http://www.holonicsystem.com/contact","filling failed"
"http://www.hollywoodmagic.co.jp/contact","submit failed"
"http://www.honda.co.jp/contact","filling failed"
"http://www.horipro.co.jp/contact","contact not found"
"http://www.hottoys.jp/contact","filling failed"
"http://www.hikari-ko.jp/contact","submit failed"
"http://www.huge.co.jp/contact","filling failed"
"http://www.humanforum.co.jp/contact","filling failed"
"http://www.hummingheads.co.jp/contact","filling failed"
"http://www.hyounosen.or.jp/contact","filling failed"
"http://www.ibjapan.jp/contact","filling failed"
"http://www.ichikura.jp/contact","filling failed"
"http://www.ic-net.co.jp/contact","contact not found"
"http://www.iga-group.com/contact","filling failed"
"http://www.igg.com/contact","filling failed"
"http://www.i-goods.co.jp/contact","filling failed"
"http://www.ikkyuji.org/contact","submit failed"
"http://www.ikyu.com/contact","filling failed"
"http://www.imhds.co.jp/contact","get failed"
"http://www.imobie.jp/contact","filling failed"
"http://www.inai-hc.co.jp/contact","submit failed"
"http://www.inbasket.co.jp/contact","filling failed"
"http://www.infinia.co.jp/contact","filling failed"
"http://www.infos.inc/contact","contact not found"
"http://www.inge.co.jp/contact","get failed"
"http://www.innisfree.com/contact","filling failed"
"http://www.inversenet.co.jp/contact","filling failed"
"http://www.irisohyama.co.jp/contact","get failed"
"http://www.isbbdo.co.jp/contact","submit failed"
"http://www.isehan.co.jp/contact","contact not found"
"http://www.ishiya.co.jp/contact","filling failed"
"http://www.italiangelato-kyokai.com/contact","filling failed"
"http://www.itokin.com/contact","filling failed"
"http://www.itolator.co.jp/contact","contact not found"
"http://www.ito-techo.co.jp/contact","filling failed"
"http://www.iw-group.co.jp/contact","submit failed"
